stable_path,operation_class,selected_in_top10_union,predicted_time_ns,predicted_share_of_e2e,predicted_rank,predicted_evidence_grade,predicted_generation_stage,predicted_uncertainty_interval_ns,predicted_method,observed_time_ns,observed_share_of_e2e,observed_rank,observed_evidence_grade,observed_generation_stage,observed_uncertainty_interval_ns,observed_method,observed_measurement_status,absolute_gap_ns,ratio,permitted_use,predicted_evidence_refs,observed_evidence_refs
semantic/workload/transformer-prefill/request/model-prefill/model/transformer/layer_0/attention/causal_mask,Add,False,25319.878388328463,0.016029293136802954,19,D,resource-model,"[12659.939194164232,50639.75677665693]",serialized-resource-model-with-dispatch-floor-v1,,,,,,null,,not-measured,,,hypothesis-only,"[""run://ascend-910b2-transformer-demo-20260811-v1@sha256:8898cc5a3f0b36dd77e7510addcd289c504dcbfbdc1768a4394787939fa802c1#ir/cost.ir.json"",""run://ascend-910b2-transformer-demo-20260811-v1@sha256:8898cc5a3f0b36dd77e7510addcd289c504dcbfbdc1768a4394787939fa802c1#prediction/hardware-backend.json"",""run://ascend-910b2-transformer-demo-20260811-v1@sha256:8898cc5a3f0b36dd77e7510addcd289c504dcbfbdc1768a4394787939fa802c1#resolved/execution-contract.json"",""run://issue48-20260814T0002Z-schedule-frontier-unknown-v2@sha256:dd43fbd0f5ab5809a49de9bd8fac1a3b1acba0cd7fb578172b21ca878bd1d75d#comparison/model-e2e-frontier.json""]",[]
semantic/workload/transformer-prefill/request/model-prefill/model/transformer/layer_0/attention/context_matmul,MatMul,True,27997.029749843852,0.017724121338075143,7,D,resource-model,"[13998.514874921926,55994.059499687704]",serialized-resource-model-with-dispatch-floor-v1,,,,,,null,,not-measured,,,hypothesis-only,"[""run://ascend-910b2-transformer-demo-20260811-v1@sha256:8898cc5a3f0b36dd77e7510addcd289c504dcbfbdc1768a4394787939fa802c1#ir/cost.ir.json"",""run://ascend-910b2-transformer-demo-20260811-v1@sha256:8898cc5a3f0b36dd77e7510addcd289c504dcbfbdc1768a4394787939fa802c1#prediction/hardware-backend.json"",""run://ascend-910b2-transformer-demo-20260811-v1@sha256:8898cc5a3f0b36dd77e7510addcd289c504dcbfbdc1768a4394787939fa802c1#resolved/execution-contract.json"",""run://issue48-20260814T0002Z-schedule-frontier-unknown-v2@sha256:dd43fbd0f5ab5809a49de9bd8fac1a3b1acba0cd7fb578172b21ca878bd1d75d#comparison/model-e2e-frontier.json""]",[]
semantic/workload/transformer-prefill/request/model-prefill/model/transformer/layer_0/attention/context_view,View,False,15000.0,0.009496072349339484,27,D,resource-model,"[7500.0,30000.0]",serialized-resource-model-with-dispatch-floor-v1,,,,,,null,,not-measured,,,hypothesis-only,"[""run://ascend-910b2-transformer-demo-20260811-v1@sha256:8898cc5a3f0b36dd77e7510addcd289c504dcbfbdc1768a4394787939fa802c1#ir/cost.ir.json"",""run://ascend-910b2-transformer-demo-20260811-v1@sha256:8898cc5a3f0b36dd77e7510addcd289c504dcbfbdc1768a4394787939fa802c1#prediction/hardware-backend.json"",""run://ascend-910b2-transformer-demo-20260811-v1@sha256:8898cc5a3f0b36dd77e7510addcd289c504dcbfbdc1768a4394787939fa802c1#resolved/execution-contract.json"",""run://issue48-20260814T0002Z-schedule-frontier-unknown-v2@sha256:dd43fbd0f5ab5809a49de9bd8fac1a3b1acba0cd7fb578172b21ca878bd1d75d#comparison/model-e2e-frontier.json""]",[]
semantic/workload/transformer-prefill/request/model-prefill/model/transformer/layer_0/attention/k_key_transpose,Transpose,False,15000.0,0.009496072349339484,28,D,resource-model,"[7500.0,30000.0]",serialized-resource-model-with-dispatch-floor-v1,,,,,,null,,not-measured,,,hypothesis-only,"[""run://ascend-910b2-transformer-demo-20260811-v1@sha256:8898cc5a3f0b36dd77e7510addcd289c504dcbfbdc1768a4394787939fa802c1#ir/cost.ir.json"",""run://ascend-910b2-transformer-demo-20260811-v1@sha256:8898cc5a3f0b36dd77e7510addcd289c504dcbfbdc1768a4394787939fa802c1#prediction/hardware-backend.json"",""run://ascend-910b2-transformer-demo-20260811-v1@sha256:8898cc5a3f0b36dd77e7510addcd289c504dcbfbdc1768a4394787939fa802c1#resolved/execution-contract.json"",""run://issue48-20260814T0002Z-schedule-frontier-unknown-v2@sha256:dd43fbd0f5ab5809a49de9bd8fac1a3b1acba0cd7fb578172b21ca878bd1d75d#comparison/model-e2e-frontier.json""]",[]
semantic/workload/transformer-prefill/request/model-prefill/model/transformer/layer_0/attention/k_proj,MatMul,True,27997.029749843852,0.017724121338075143,8,D,resource-model,"[13998.514874921926,55994.059499687704]",serialized-resource-model-with-dispatch-floor-v1,,,,,,null,,not-measured,,,hypothesis-only,"[""run://ascend-910b2-transformer-demo-20260811-v1@sha256:8898cc5a3f0b36dd77e7510addcd289c504dcbfbdc1768a4394787939fa802c1#ir/cost.ir.json"",""run://ascend-910b2-transformer-demo-20260811-v1@sha256:8898cc5a3f0b36dd77e7510addcd289c504dcbfbdc1768a4394787939fa802c1#prediction/hardware-backend.json"",""run://ascend-910b2-transformer-demo-20260811-v1@sha256:8898cc5a3f0b36dd77e7510addcd289c504dcbfbdc1768a4394787939fa802c1#resolved/execution-contract.json"",""run://issue48-20260814T0002Z-schedule-frontier-unknown-v2@sha256:dd43fbd0f5ab5809a49de9bd8fac1a3b1acba0cd7fb578172b21ca878bd1d75d#comparison/model-e2e-frontier.json""]",[]
semantic/workload/transformer-prefill/request/model-prefill/model/transformer/layer_0/attention/k_transpose,Transpose,False,15000.0,0.009496072349339484,29,D,resource-model,"[7500.0,30000.0]",serialized-resource-model-with-dispatch-floor-v1,,,,,,null,,not-measured,,,hypothesis-only,"[""run://ascend-910b2-transformer-demo-20260811-v1@sha256:8898cc5a3f0b36dd77e7510addcd289c504dcbfbdc1768a4394787939fa802c1#ir/cost.ir.json"",""run://ascend-910b2-transformer-demo-20260811-v1@sha256:8898cc5a3f0b36dd77e7510addcd289c504dcbfbdc1768a4394787939fa802c1#prediction/hardware-backend.json"",""run://ascend-910b2-transformer-demo-20260811-v1@sha256:8898cc5a3f0b36dd77e7510addcd289c504dcbfbdc1768a4394787939fa802c1#resolved/execution-contract.json"",""run://issue48-20260814T0002Z-schedule-frontier-unknown-v2@sha256:dd43fbd0f5ab5809a49de9bd8fac1a3b1acba0cd7fb578172b21ca878bd1d75d#comparison/model-e2e-frontier.json""]",[]
semantic/workload/transformer-prefill/request/model-prefill/model/transformer/layer_0/attention/k_view,View,False,15000.0,0.009496072349339484,30,D,resource-model,"[7500.0,30000.0]",serialized-resource-model-with-dispatch-floor-v1,,,,,,null,,not-measured,,,hypothesis-only,"[""run://ascend-910b2-transformer-demo-20260811-v1@sha256:8898cc5a3f0b36dd77e7510addcd289c504dcbfbdc1768a4394787939fa802c1#ir/cost.ir.json"",""run://ascend-910b2-transformer-demo-20260811-v1@sha256:8898cc5a3f0b36dd77e7510addcd289c504dcbfbdc1768a4394787939fa802c1#prediction/hardware-backend.json"",""run://ascend-910b2-transformer-demo-20260811-v1@sha256:8898cc5a3f0b36dd77e7510addcd289c504dcbfbdc1768a4394787939fa802c1#resolved/execution-contract.json"",""run://issue48-20260814T0002Z-schedule-frontier-unknown-v2@sha256:dd43fbd0f5ab5809a49de9bd8fac1a3b1acba0cd7fb578172b21ca878bd1d75d#comparison/model-e2e-frontier.json""]",[]
semantic/workload/transformer-prefill/request/model-prefill/model/transformer/layer_0/attention/out_proj,MatMul,True,27997.029749843852,0.017724121338075143,9,D,resource-model,"[13998.514874921926,55994.059499687704]",serialized-resource-model-with-dispatch-floor-v1,,,,,,null,,not-measured,,,hypothesis-only,"[""run://ascend-910b2-transformer-demo-20260811-v1@sha256:8898cc5a3f0b36dd77e7510addcd289c504dcbfbdc1768a4394787939fa802c1#ir/cost.ir.json"",""run://ascend-910b2-transformer-demo-20260811-v1@sha256:8898cc5a3f0b36dd77e7510addcd289c504dcbfbdc1768a4394787939fa802c1#prediction/hardware-backend.json"",""run://ascend-910b2-transformer-demo-20260811-v1@sha256:8898cc5a3f0b36dd77e7510addcd289c504dcbfbdc1768a4394787939fa802c1#resolved/execution-contract.json"",""run://issue48-20260814T0002Z-schedule-frontier-unknown-v2@sha256:dd43fbd0f5ab5809a49de9bd8fac1a3b1acba0cd7fb578172b21ca878bd1d75d#comparison/model-e2e-frontier.json""]",[]
semantic/workload/transformer-prefill/request/model-prefill/model/transformer/layer_0/attention/q_proj,MatMul,True,27997.029749843852,0.017724121338075143,10,D,resource-model,"[13998.514874921926,55994.059499687704]",serialized-resource-model-with-dispatch-floor-v1,,,,,,null,,not-measured,,,hypothesis-only,"[""run://ascend-910b2-transformer-demo-20260811-v1@sha256:8898cc5a3f0b36dd77e7510addcd289c504dcbfbdc1768a4394787939fa802c1#ir/cost.ir.json"",""run://ascend-910b2-transformer-demo-20260811-v1@sha256:8898cc5a3f0b36dd77e7510addcd289c504dcbfbdc1768a4394787939fa802c1#prediction/hardware-backend.json"",""run://ascend-910b2-transformer-demo-20260811-v1@sha256:8898cc5a3f0b36dd77e7510addcd289c504dcbfbdc1768a4394787939fa802c1#resolved/execution-contract.json"",""run://issue48-20260814T0002Z-schedule-frontier-unknown-v2@sha256:dd43fbd0f5ab5809a49de9bd8fac1a3b1acba0cd7fb578172b21ca878bd1d75d#comparison/model-e2e-frontier.json""]",[]
semantic/workload/transformer-prefill/request/model-prefill/model/transformer/layer_0/attention/q_transpose,Transpose,False,15000.0,0.009496072349339484,31,D,resource-model,"[7500.0,30000.0]",serialized-resource-model-with-dispatch-floor-v1,,,,,,null,,not-measured,,,hypothesis-only,"[""run://ascend-910b2-transformer-demo-20260811-v1@sha256:8898cc5a3f0b36dd77e7510addcd289c504dcbfbdc1768a4394787939fa802c1#ir/cost.ir.json"",""run://ascend-910b2-transformer-demo-20260811-v1@sha256:8898cc5a3f0b36dd77e7510addcd289c504dcbfbdc1768a4394787939fa802c1#prediction/hardware-backend.json"",""run://ascend-910b2-transformer-demo-20260811-v1@sha256:8898cc5a3f0b36dd77e7510addcd289c504dcbfbdc1768a4394787939fa802c1#resolved/execution-contract.json"",""run://issue48-20260814T0002Z-schedule-frontier-unknown-v2@sha256:dd43fbd0f5ab5809a49de9bd8fac1a3b1acba0cd7fb578172b21ca878bd1d75d#comparison/model-e2e-frontier.json""]",[]
semantic/workload/transformer-prefill/request/model-prefill/model/transformer/layer_0/attention/q_view,View,False,15000.0,0.009496072349339484,32,D,resource-model,"[7500.0,30000.0]",serialized-resource-model-with-dispatch-floor-v1,,,,,,null,,not-measured,,,hypothesis-only,"[""run://ascend-910b2-transformer-demo-20260811-v1@sha256:8898cc5a3f0b36dd77e7510addcd289c504dcbfbdc1768a4394787939fa802c1#ir/cost.ir.json"",""run://ascend-910b2-transformer-demo-20260811-v1@sha256:8898cc5a3f0b36dd77e7510addcd289c504dcbfbdc1768a4394787939fa802c1#prediction/hardware-backend.json"",""run://ascend-910b2-transformer-demo-20260811-v1@sha256:8898cc5a3f0b36dd77e7510addcd289c504dcbfbdc1768a4394787939fa802c1#resolved/execution-contract.json"",""run://issue48-20260814T0002Z-schedule-frontier-unknown-v2@sha256:dd43fbd0f5ab5809a49de9bd8fac1a3b1acba0cd7fb578172b21ca878bd1d75d#comparison/model-e2e-frontier.json""]",[]
semantic/workload/transformer-prefill/request/model-prefill/model/transformer/layer_0/attention/qk_matmul,MatMul,False,27997.029749843852,0.017724121338075143,11,D,resource-model,"[13998.514874921926,55994.059499687704]",serialized-resource-model-with-dispatch-floor-v1,,,,,,null,,not-measured,,,hypothesis-only,"[""run://ascend-910b2-transformer-demo-20260811-v1@sha256:8898cc5a3f0b36dd77e7510addcd289c504dcbfbdc1768a4394787939fa802c1#ir/cost.ir.json"",""run://ascend-910b2-transformer-demo-20260811-v1@sha256:8898cc5a3f0b36dd77e7510addcd289c504dcbfbdc1768a4394787939fa802c1#prediction/hardware-backend.json"",""run://ascend-910b2-transformer-demo-20260811-v1@sha256:8898cc5a3f0b36dd77e7510addcd289c504dcbfbdc1768a4394787939fa802c1#resolved/execution-contract.json"",""run://issue48-20260814T0002Z-schedule-frontier-unknown-v2@sha256:dd43fbd0f5ab5809a49de9bd8fac1a3b1acba0cd7fb578172b21ca878bd1d75d#comparison/model-e2e-frontier.json""]",[]
semantic/workload/transformer-prefill/request/model-prefill/model/transformer/layer_0/attention/scale,Mul,False,23830.47377725032,0.015086393540520429,21,D,resource-model,"[11915.23688862516,47660.94755450064]",serialized-resource-model-with-dispatch-floor-v1,,,,,,null,,not-measured,,,hypothesis-only,"[""run://ascend-910b2-transformer-demo-20260811-v1@sha256:8898cc5a3f0b36dd77e7510addcd289c504dcbfbdc1768a4394787939fa802c1#ir/cost.ir.json"",""run://ascend-910b2-transformer-demo-20260811-v1@sha256:8898cc5a3f0b36dd77e7510addcd289c504dcbfbdc1768a4394787939fa802c1#prediction/hardware-backend.json"",""run://ascend-910b2-transformer-demo-20260811-v1@sha256:8898cc5a3f0b36dd77e7510addcd289c504dcbfbdc1768a4394787939fa802c1#resolved/execution-contract.json"",""run://issue48-20260814T0002Z-schedule-frontier-unknown-v2@sha256:dd43fbd0f5ab5809a49de9bd8fac1a3b1acba0cd7fb578172b21ca878bd1d75d#comparison/model-e2e-frontier.json""]",[]
semantic/workload/transformer-prefill/request/model-prefill/model/transformer/layer_0/attention/softmax,Softmax,False,23830.47377725032,0.015086393540520429,22,D,resource-model,"[11915.23688862516,47660.94755450064]",serialized-resource-model-with-dispatch-floor-v1,,,,,,null,,not-measured,,,hypothesis-only,"[""run://ascend-910b2-transformer-demo-20260811-v1@sha256:8898cc5a3f0b36dd77e7510addcd289c504dcbfbdc1768a4394787939fa802c1#ir/cost.ir.json"",""run://ascend-910b2-transformer-demo-20260811-v1@sha256:8898cc5a3f0b36dd77e7510addcd289c504dcbfbdc1768a4394787939fa802c1#prediction/hardware-backend.json"",""run://ascend-910b2-transformer-demo-20260811-v1@sha256:8898cc5a3f0b36dd77e7510addcd289c504dcbfbdc1768a4394787939fa802c1#resolved/execution-contract.json"",""run://issue48-20260814T0002Z-schedule-frontier-unknown-v2@sha256:dd43fbd0f5ab5809a49de9bd8fac1a3b1acba0cd7fb578172b21ca878bd1d75d#comparison/model-e2e-frontier.json""]",[]
semantic/workload/transformer-prefill/request/model-prefill/model/transformer/layer_0/attention/v_proj,MatMul,False,27997.029749843852,0.017724121338075143,12,D,resource-model,"[13998.514874921926,55994.059499687704]",serialized-resource-model-with-dispatch-floor-v1,,,,,,null,,not-measured,,,hypothesis-only,"[""run://ascend-910b2-transformer-demo-20260811-v1@sha256:8898cc5a3f0b36dd77e7510addcd289c504dcbfbdc1768a4394787939fa802c1#ir/cost.ir.json"",""run://ascend-910b2-transformer-demo-20260811-v1@sha256:8898cc5a3f0b36dd77e7510addcd289c504dcbfbdc1768a4394787939fa802c1#prediction/hardware-backend.json"",""run://ascend-910b2-transformer-demo-20260811-v1@sha256:8898cc5a3f0b36dd77e7510addcd289c504dcbfbdc1768a4394787939fa802c1#resolved/execution-contract.json"",""run://issue48-20260814T0002Z-schedule-frontier-unknown-v2@sha256:dd43fbd0f5ab5809a49de9bd8fac1a3b1acba0cd7fb578172b21ca878bd1d75d#comparison/model-e2e-frontier.json""]",[]
semantic/workload/transformer-prefill/request/model-prefill/model/transformer/layer_0/attention/v_transpose,Transpose,False,15000.0,0.009496072349339484,33,D,resource-model,"[7500.0,30000.0]",serialized-resource-model-with-dispatch-floor-v1,,,,,,null,,not-measured,,,hypothesis-only,"[""run://ascend-910b2-transformer-demo-20260811-v1@sha256:8898cc5a3f0b36dd77e7510addcd289c504dcbfbdc1768a4394787939fa802c1#ir/cost.ir.json"",""run://ascend-910b2-transformer-demo-20260811-v1@sha256:8898cc5a3f0b36dd77e7510addcd289c504dcbfbdc1768a4394787939fa802c1#prediction/hardware-backend.json"",""run://ascend-910b2-transformer-demo-20260811-v1@sha256:8898cc5a3f0b36dd77e7510addcd289c504dcbfbdc1768a4394787939fa802c1#resolved/execution-contract.json"",""run://issue48-20260814T0002Z-schedule-frontier-unknown-v2@sha256:dd43fbd0f5ab5809a49de9bd8fac1a3b1acba0cd7fb578172b21ca878bd1d75d#comparison/model-e2e-frontier.json""]",[]
semantic/workload/transformer-prefill/request/model-prefill/model/transformer/layer_0/attention/v_view,View,False,15000.0,0.009496072349339484,34,D,resource-model,"[7500.0,30000.0]",serialized-resource-model-with-dispatch-floor-v1,,,,,,null,,not-measured,,,hypothesis-only,"[""run://ascend-910b2-transformer-demo-20260811-v1@sha256:8898cc5a3f0b36dd77e7510addcd289c504dcbfbdc1768a4394787939fa802c1#ir/cost.ir.json"",""run://ascend-910b2-transformer-demo-20260811-v1@sha256:8898cc5a3f0b36dd77e7510addcd289c504dcbfbdc1768a4394787939fa802c1#prediction/hardware-backend.json"",""run://ascend-910b2-transformer-demo-20260811-v1@sha256:8898cc5a3f0b36dd77e7510addcd289c504dcbfbdc1768a4394787939fa802c1#resolved/execution-contract.json"",""run://issue48-20260814T0002Z-schedule-frontier-unknown-v2@sha256:dd43fbd0f5ab5809a49de9bd8fac1a3b1acba0cd7fb578172b21ca878bd1d75d#comparison/model-e2e-frontier.json""]",[]
semantic/workload/transformer-prefill/request/model-prefill/model/transformer/layer_0/input_norm,RMSNorm,False,15000.0,0.009496072349339484,35,D,resource-model,"[7500.0,30000.0]",serialized-resource-model-with-dispatch-floor-v1,,,,,,null,,not-measured,,,hypothesis-only,"[""run://ascend-910b2-transformer-demo-20260811-v1@sha256:8898cc5a3f0b36dd77e7510addcd289c504dcbfbdc1768a4394787939fa802c1#ir/cost.ir.json"",""run://ascend-910b2-transformer-demo-20260811-v1@sha256:8898cc5a3f0b36dd77e7510addcd289c504dcbfbdc1768a4394787939fa802c1#prediction/hardware-backend.json"",""run://ascend-910b2-transformer-demo-20260811-v1@sha256:8898cc5a3f0b36dd77e7510addcd289c504dcbfbdc1768a4394787939fa802c1#resolved/execution-contract.json"",""run://issue48-20260814T0002Z-schedule-frontier-unknown-v2@sha256:dd43fbd0f5ab5809a49de9bd8fac1a3b1acba0cd7fb578172b21ca878bd1d75d#comparison/model-e2e-frontier.json""]",[]
semantic/workload/transformer-prefill/request/model-prefill/model/transformer/layer_0/mlp/down_proj,MatMul,True,111988.11899937541,0.07089648535230057,1,D,resource-model,"[55994.059499687704,223976.23799875082]",serialized-resource-model-with-dispatch-floor-v1,,,,,,null,,not-measured,,,hypothesis-only,"[""run://ascend-910b2-transformer-demo-20260811-v1@sha256:8898cc5a3f0b36dd77e7510addcd289c504dcbfbdc1768a4394787939fa802c1#ir/cost.ir.json"",""run://ascend-910b2-transformer-demo-20260811-v1@sha256:8898cc5a3f0b36dd77e7510addcd289c504dcbfbdc1768a4394787939fa802c1#prediction/hardware-backend.json"",""run://ascend-910b2-transformer-demo-20260811-v1@sha256:8898cc5a3f0b36dd77e7510addcd289c504dcbfbdc1768a4394787939fa802c1#resolved/execution-contract.json"",""run://issue48-20260814T0002Z-schedule-frontier-unknown-v2@sha256:dd43fbd0f5ab5809a49de9bd8fac1a3b1acba0cd7fb578172b21ca878bd1d75d#comparison/model-e2e-frontier.json""]",[]
semantic/workload/transformer-prefill/request/model-prefill/model/transformer/layer_0/mlp/gate_mul,Mul,False,17872.85533293774,0.011314795155390321,25,D,resource-model,"[8936.42766646887,35745.71066587548]",serialized-resource-model-with-dispatch-floor-v1,,,,,,null,,not-measured,,,hypothesis-only,"[""run://ascend-910b2-transformer-demo-20260811-v1@sha256:8898cc5a3f0b36dd77e7510addcd289c504dcbfbdc1768a4394787939fa802c1#ir/cost.ir.json"",""run://ascend-910b2-transformer-demo-20260811-v1@sha256:8898cc5a3f0b36dd77e7510addcd289c504dcbfbdc1768a4394787939fa802c1#prediction/hardware-backend.json"",""run://ascend-910b2-transformer-demo-20260811-v1@sha256:8898cc5a3f0b36dd77e7510addcd289c504dcbfbdc1768a4394787939fa802c1#resolved/execution-contract.json"",""run://issue48-20260814T0002Z-schedule-frontier-unknown-v2@sha256:dd43fbd0f5ab5809a49de9bd8fac1a3b1acba0cd7fb578172b21ca878bd1d75d#comparison/model-e2e-frontier.json""]",[]
semantic/workload/transformer-prefill/request/model-prefill/model/transformer/layer_0/mlp/gate_proj,MatMul,True,111988.11899937541,0.07089648535230057,2,D,resource-model,"[55994.059499687704,223976.23799875082]",serialized-resource-model-with-dispatch-floor-v1,,,,,,null,,not-measured,,,hypothesis-only,"[""run://ascend-910b2-transformer-demo-20260811-v1@sha256:8898cc5a3f0b36dd77e7510addcd289c504dcbfbdc1768a4394787939fa802c1#ir/cost.ir.json"",""run://ascend-910b2-transformer-demo-20260811-v1@sha256:8898cc5a3f0b36dd77e7510addcd289c504dcbfbdc1768a4394787939fa802c1#prediction/hardware-backend.json"",""run://ascend-910b2-transformer-demo-20260811-v1@sha256:8898cc5a3f0b36dd77e7510addcd289c504dcbfbdc1768a4394787939fa802c1#resolved/execution-contract.json"",""run://issue48-20260814T0002Z-schedule-frontier-unknown-v2@sha256:dd43fbd0f5ab5809a49de9bd8fac1a3b1acba0cd7fb578172b21ca878bd1d75d#comparison/model-e2e-frontier.json""]",[]
semantic/workload/transformer-prefill/request/model-prefill/model/transformer/layer_0/mlp/silu,SiLU,False,15000.0,0.009496072349339484,36,D,resource-model,"[7500.0,30000.0]",serialized-resource-model-with-dispatch-floor-v1,,,,,,null,,not-measured,,,hypothesis-only,"[""run://ascend-910b2-transformer-demo-20260811-v1@sha256:8898cc5a3f0b36dd77e7510addcd289c504dcbfbdc1768a4394787939fa802c1#ir/cost.ir.json"",""run://ascend-910b2-transformer-demo-20260811-v1@sha256:8898cc5a3f0b36dd77e7510addcd289c504dcbfbdc1768a4394787939fa802c1#prediction/hardware-backend.json"",""run://ascend-910b2-transformer-demo-20260811-v1@sha256:8898cc5a3f0b36dd77e7510addcd289c504dcbfbdc1768a4394787939fa802c1#resolved/execution-contract.json"",""run://issue48-20260814T0002Z-schedule-frontier-unknown-v2@sha256:dd43fbd0f5ab5809a49de9bd8fac1a3b1acba0cd7fb578172b21ca878bd1d75d#comparison/model-e2e-frontier.json""]",[]
semantic/workload/transformer-prefill/request/model-prefill/model/transformer/layer_0/mlp/up_proj,MatMul,True,111988.11899937541,0.07089648535230057,3,D,resource-model,"[55994.059499687704,223976.23799875082]",serialized-resource-model-with-dispatch-floor-v1,,,,,,null,,not-measured,,,hypothesis-only,"[""run://ascend-910b2-transformer-demo-20260811-v1@sha256:8898cc5a3f0b36dd77e7510addcd289c504dcbfbdc1768a4394787939fa802c1#ir/cost.ir.json"",""run://ascend-910b2-transformer-demo-20260811-v1@sha256:8898cc5a3f0b36dd77e7510addcd289c504dcbfbdc1768a4394787939fa802c1#prediction/hardware-backend.json"",""run://ascend-910b2-transformer-demo-20260811-v1@sha256:8898cc5a3f0b36dd77e7510addcd289c504dcbfbdc1768a4394787939fa802c1#resolved/execution-contract.json"",""run://issue48-20260814T0002Z-schedule-frontier-unknown-v2@sha256:dd43fbd0f5ab5809a49de9bd8fac1a3b1acba0cd7fb578172b21ca878bd1d75d#comparison/model-e2e-frontier.json""]",[]
semantic/workload/transformer-prefill/request/model-prefill/model/transformer/layer_0/post_norm,RMSNorm,False,15000.0,0.009496072349339484,37,D,resource-model,"[7500.0,30000.0]",serialized-resource-model-with-dispatch-floor-v1,,,,,,null,,not-measured,,,hypothesis-only,"[""run://ascend-910b2-transformer-demo-20260811-v1@sha256:8898cc5a3f0b36dd77e7510addcd289c504dcbfbdc1768a4394787939fa802c1#ir/cost.ir.json"",""run://ascend-910b2-transformer-demo-20260811-v1@sha256:8898cc5a3f0b36dd77e7510addcd289c504dcbfbdc1768a4394787939fa802c1#prediction/hardware-backend.json"",""run://ascend-910b2-transformer-demo-20260811-v1@sha256:8898cc5a3f0b36dd77e7510addcd289c504dcbfbdc1768a4394787939fa802c1#resolved/execution-contract.json"",""run://issue48-20260814T0002Z-schedule-frontier-unknown-v2@sha256:dd43fbd0f5ab5809a49de9bd8fac1a3b1acba0cd7fb578172b21ca878bd1d75d#comparison/model-e2e-frontier.json""]",[]
semantic/workload/transformer-prefill/request/model-prefill/model/transformer/layer_0/residual_1,Add,False,15000.0,0.009496072349339484,38,D,resource-model,"[7500.0,30000.0]",serialized-resource-model-with-dispatch-floor-v1,,,,,,null,,not-measured,,,hypothesis-only,"[""run://ascend-910b2-transformer-demo-20260811-v1@sha256:8898cc5a3f0b36dd77e7510addcd289c504dcbfbdc1768a4394787939fa802c1#ir/cost.ir.json"",""run://ascend-910b2-transformer-demo-20260811-v1@sha256:8898cc5a3f0b36dd77e7510addcd289c504dcbfbdc1768a4394787939fa802c1#prediction/hardware-backend.json"",""run://ascend-910b2-transformer-demo-20260811-v1@sha256:8898cc5a3f0b36dd77e7510addcd289c504dcbfbdc1768a4394787939fa802c1#resolved/execution-contract.json"",""run://issue48-20260814T0002Z-schedule-frontier-unknown-v2@sha256:dd43fbd0f5ab5809a49de9bd8fac1a3b1acba0cd7fb578172b21ca878bd1d75d#comparison/model-e2e-frontier.json""]",[]
semantic/workload/transformer-prefill/request/model-prefill/model/transformer/layer_0/residual_2,Add,False,15000.0,0.009496072349339484,39,D,resource-model,"[7500.0,30000.0]",serialized-resource-model-with-dispatch-floor-v1,,,,,,null,,not-measured,,,hypothesis-only,"[""run://ascend-910b2-transformer-demo-20260811-v1@sha256:8898cc5a3f0b36dd77e7510addcd289c504dcbfbdc1768a4394787939fa802c1#ir/cost.ir.json"",""run://ascend-910b2-transformer-demo-20260811-v1@sha256:8898cc5a3f0b36dd77e7510addcd289c504dcbfbdc1768a4394787939fa802c1#prediction/hardware-backend.json"",""run://ascend-910b2-transformer-demo-20260811-v1@sha256:8898cc5a3f0b36dd77e7510addcd289c504dcbfbdc1768a4394787939fa802c1#resolved/execution-contract.json"",""run://issue48-20260814T0002Z-schedule-frontier-unknown-v2@sha256:dd43fbd0f5ab5809a49de9bd8fac1a3b1acba0cd7fb578172b21ca878bd1d75d#comparison/model-e2e-frontier.json""]",[]
semantic/workload/transformer-prefill/request/model-prefill/model/transformer/layer_1/attention/causal_mask,Add,False,25319.878388328463,0.016029293136802954,20,D,resource-model,"[12659.939194164232,50639.75677665693]",serialized-resource-model-with-dispatch-floor-v1,,,,,,null,,not-measured,,,hypothesis-only,"[""run://ascend-910b2-transformer-demo-20260811-v1@sha256:8898cc5a3f0b36dd77e7510addcd289c504dcbfbdc1768a4394787939fa802c1#ir/cost.ir.json"",""run://ascend-910b2-transformer-demo-20260811-v1@sha256:8898cc5a3f0b36dd77e7510addcd289c504dcbfbdc1768a4394787939fa802c1#prediction/hardware-backend.json"",""run://ascend-910b2-transformer-demo-20260811-v1@sha256:8898cc5a3f0b36dd77e7510addcd289c504dcbfbdc1768a4394787939fa802c1#resolved/execution-contract.json"",""run://issue48-20260814T0002Z-schedule-frontier-unknown-v2@sha256:dd43fbd0f5ab5809a49de9bd8fac1a3b1acba0cd7fb578172b21ca878bd1d75d#comparison/model-e2e-frontier.json""]",[]
semantic/workload/transformer-prefill/request/model-prefill/model/transformer/layer_1/attention/context_matmul,MatMul,False,27997.029749843852,0.017724121338075143,13,D,resource-model,"[13998.514874921926,55994.059499687704]",serialized-resource-model-with-dispatch-floor-v1,,,,,,null,,not-measured,,,hypothesis-only,"[""run://ascend-910b2-transformer-demo-20260811-v1@sha256:8898cc5a3f0b36dd77e7510addcd289c504dcbfbdc1768a4394787939fa802c1#ir/cost.ir.json"",""run://ascend-910b2-transformer-demo-20260811-v1@sha256:8898cc5a3f0b36dd77e7510addcd289c504dcbfbdc1768a4394787939fa802c1#prediction/hardware-backend.json"",""run://ascend-910b2-transformer-demo-20260811-v1@sha256:8898cc5a3f0b36dd77e7510addcd289c504dcbfbdc1768a4394787939fa802c1#resolved/execution-contract.json"",""run://issue48-20260814T0002Z-schedule-frontier-unknown-v2@sha256:dd43fbd0f5ab5809a49de9bd8fac1a3b1acba0cd7fb578172b21ca878bd1d75d#comparison/model-e2e-frontier.json""]",[]
semantic/workload/transformer-prefill/request/model-prefill/model/transformer/layer_1/attention/context_view,View,False,15000.0,0.009496072349339484,40,D,resource-model,"[7500.0,30000.0]",serialized-resource-model-with-dispatch-floor-v1,,,,,,null,,not-measured,,,hypothesis-only,"[""run://ascend-910b2-transformer-demo-20260811-v1@sha256:8898cc5a3f0b36dd77e7510addcd289c504dcbfbdc1768a4394787939fa802c1#ir/cost.ir.json"",""run://ascend-910b2-transformer-demo-20260811-v1@sha256:8898cc5a3f0b36dd77e7510addcd289c504dcbfbdc1768a4394787939fa802c1#prediction/hardware-backend.json"",""run://ascend-910b2-transformer-demo-20260811-v1@sha256:8898cc5a3f0b36dd77e7510addcd289c504dcbfbdc1768a4394787939fa802c1#resolved/execution-contract.json"",""run://issue48-20260814T0002Z-schedule-frontier-unknown-v2@sha256:dd43fbd0f5ab5809a49de9bd8fac1a3b1acba0cd7fb578172b21ca878bd1d75d#comparison/model-e2e-frontier.json""]",[]
semantic/workload/transformer-prefill/request/model-prefill/model/transformer/layer_1/attention/k_key_transpose,Transpose,False,15000.0,0.009496072349339484,41,D,resource-model,"[7500.0,30000.0]",serialized-resource-model-with-dispatch-floor-v1,,,,,,null,,not-measured,,,hypothesis-only,"[""run://ascend-910b2-transformer-demo-20260811-v1@sha256:8898cc5a3f0b36dd77e7510addcd289c504dcbfbdc1768a4394787939fa802c1#ir/cost.ir.json"",""run://ascend-910b2-transformer-demo-20260811-v1@sha256:8898cc5a3f0b36dd77e7510addcd289c504dcbfbdc1768a4394787939fa802c1#prediction/hardware-backend.json"",""run://ascend-910b2-transformer-demo-20260811-v1@sha256:8898cc5a3f0b36dd77e7510addcd289c504dcbfbdc1768a4394787939fa802c1#resolved/execution-contract.json"",""run://issue48-20260814T0002Z-schedule-frontier-unknown-v2@sha256:dd43fbd0f5ab5809a49de9bd8fac1a3b1acba0cd7fb578172b21ca878bd1d75d#comparison/model-e2e-frontier.json""]",[]
semantic/workload/transformer-prefill/request/model-prefill/model/transformer/layer_1/attention/k_proj,MatMul,False,27997.029749843852,0.017724121338075143,14,D,resource-model,"[13998.514874921926,55994.059499687704]",serialized-resource-model-with-dispatch-floor-v1,,,,,,null,,not-measured,,,hypothesis-only,"[""run://ascend-910b2-transformer-demo-20260811-v1@sha256:8898cc5a3f0b36dd77e7510addcd289c504dcbfbdc1768a4394787939fa802c1#ir/cost.ir.json"",""run://ascend-910b2-transformer-demo-20260811-v1@sha256:8898cc5a3f0b36dd77e7510addcd289c504dcbfbdc1768a4394787939fa802c1#prediction/hardware-backend.json"",""run://ascend-910b2-transformer-demo-20260811-v1@sha256:8898cc5a3f0b36dd77e7510addcd289c504dcbfbdc1768a4394787939fa802c1#resolved/execution-contract.json"",""run://issue48-20260814T0002Z-schedule-frontier-unknown-v2@sha256:dd43fbd0f5ab5809a49de9bd8fac1a3b1acba0cd7fb578172b21ca878bd1d75d#comparison/model-e2e-frontier.json""]",[]
semantic/workload/transformer-prefill/request/model-prefill/model/transformer/layer_1/attention/k_transpose,Transpose,False,15000.0,0.009496072349339484,42,D,resource-model,"[7500.0,30000.0]",serialized-resource-model-with-dispatch-floor-v1,,,,,,null,,not-measured,,,hypothesis-only,"[""run://ascend-910b2-transformer-demo-20260811-v1@sha256:8898cc5a3f0b36dd77e7510addcd289c504dcbfbdc1768a4394787939fa802c1#ir/cost.ir.json"",""run://ascend-910b2-transformer-demo-20260811-v1@sha256:8898cc5a3f0b36dd77e7510addcd289c504dcbfbdc1768a4394787939fa802c1#prediction/hardware-backend.json"",""run://ascend-910b2-transformer-demo-20260811-v1@sha256:8898cc5a3f0b36dd77e7510addcd289c504dcbfbdc1768a4394787939fa802c1#resolved/execution-contract.json"",""run://issue48-20260814T0002Z-schedule-frontier-unknown-v2@sha256:dd43fbd0f5ab5809a49de9bd8fac1a3b1acba0cd7fb578172b21ca878bd1d75d#comparison/model-e2e-frontier.json""]",[]
semantic/workload/transformer-prefill/request/model-prefill/model/transformer/layer_1/attention/k_view,View,False,15000.0,0.009496072349339484,43,D,resource-model,"[7500.0,30000.0]",serialized-resource-model-with-dispatch-floor-v1,,,,,,null,,not-measured,,,hypothesis-only,"[""run://ascend-910b2-transformer-demo-20260811-v1@sha256:8898cc5a3f0b36dd77e7510addcd289c504dcbfbdc1768a4394787939fa802c1#ir/cost.ir.json"",""run://ascend-910b2-transformer-demo-20260811-v1@sha256:8898cc5a3f0b36dd77e7510addcd289c504dcbfbdc1768a4394787939fa802c1#prediction/hardware-backend.json"",""run://ascend-910b2-transformer-demo-20260811-v1@sha256:8898cc5a3f0b36dd77e7510addcd289c504dcbfbdc1768a4394787939fa802c1#resolved/execution-contract.json"",""run://issue48-20260814T0002Z-schedule-frontier-unknown-v2@sha256:dd43fbd0f5ab5809a49de9bd8fac1a3b1acba0cd7fb578172b21ca878bd1d75d#comparison/model-e2e-frontier.json""]",[]
semantic/workload/transformer-prefill/request/model-prefill/model/transformer/layer_1/attention/out_proj,MatMul,False,27997.029749843852,0.017724121338075143,15,D,resource-model,"[13998.514874921926,55994.059499687704]",serialized-resource-model-with-dispatch-floor-v1,,,,,,null,,not-measured,,,hypothesis-only,"[""run://ascend-910b2-transformer-demo-20260811-v1@sha256:8898cc5a3f0b36dd77e7510addcd289c504dcbfbdc1768a4394787939fa802c1#ir/cost.ir.json"",""run://ascend-910b2-transformer-demo-20260811-v1@sha256:8898cc5a3f0b36dd77e7510addcd289c504dcbfbdc1768a4394787939fa802c1#prediction/hardware-backend.json"",""run://ascend-910b2-transformer-demo-20260811-v1@sha256:8898cc5a3f0b36dd77e7510addcd289c504dcbfbdc1768a4394787939fa802c1#resolved/execution-contract.json"",""run://issue48-20260814T0002Z-schedule-frontier-unknown-v2@sha256:dd43fbd0f5ab5809a49de9bd8fac1a3b1acba0cd7fb578172b21ca878bd1d75d#comparison/model-e2e-frontier.json""]",[]
semantic/workload/transformer-prefill/request/model-prefill/model/transformer/layer_1/attention/q_proj,MatMul,False,27997.029749843852,0.017724121338075143,16,D,resource-model,"[13998.514874921926,55994.059499687704]",serialized-resource-model-with-dispatch-floor-v1,,,,,,null,,not-measured,,,hypothesis-only,"[""run://ascend-910b2-transformer-demo-20260811-v1@sha256:8898cc5a3f0b36dd77e7510addcd289c504dcbfbdc1768a4394787939fa802c1#ir/cost.ir.json"",""run://ascend-910b2-transformer-demo-20260811-v1@sha256:8898cc5a3f0b36dd77e7510addcd289c504dcbfbdc1768a4394787939fa802c1#prediction/hardware-backend.json"",""run://ascend-910b2-transformer-demo-20260811-v1@sha256:8898cc5a3f0b36dd77e7510addcd289c504dcbfbdc1768a4394787939fa802c1#resolved/execution-contract.json"",""run://issue48-20260814T0002Z-schedule-frontier-unknown-v2@sha256:dd43fbd0f5ab5809a49de9bd8fac1a3b1acba0cd7fb578172b21ca878bd1d75d#comparison/model-e2e-frontier.json""]",[]
semantic/workload/transformer-prefill/request/model-prefill/model/transformer/layer_1/attention/q_transpose,Transpose,False,15000.0,0.009496072349339484,44,D,resource-model,"[7500.0,30000.0]",serialized-resource-model-with-dispatch-floor-v1,,,,,,null,,not-measured,,,hypothesis-only,"[""run://ascend-910b2-transformer-demo-20260811-v1@sha256:8898cc5a3f0b36dd77e7510addcd289c504dcbfbdc1768a4394787939fa802c1#ir/cost.ir.json"",""run://ascend-910b2-transformer-demo-20260811-v1@sha256:8898cc5a3f0b36dd77e7510addcd289c504dcbfbdc1768a4394787939fa802c1#prediction/hardware-backend.json"",""run://ascend-910b2-transformer-demo-20260811-v1@sha256:8898cc5a3f0b36dd77e7510addcd289c504dcbfbdc1768a4394787939fa802c1#resolved/execution-contract.json"",""run://issue48-20260814T0002Z-schedule-frontier-unknown-v2@sha256:dd43fbd0f5ab5809a49de9bd8fac1a3b1acba0cd7fb578172b21ca878bd1d75d#comparison/model-e2e-frontier.json""]",[]
semantic/workload/transformer-prefill/request/model-prefill/model/transformer/layer_1/attention/q_view,View,False,15000.0,0.009496072349339484,45,D,resource-model,"[7500.0,30000.0]",serialized-resource-model-with-dispatch-floor-v1,,,,,,null,,not-measured,,,hypothesis-only,"[""run://ascend-910b2-transformer-demo-20260811-v1@sha256:8898cc5a3f0b36dd77e7510addcd289c504dcbfbdc1768a4394787939fa802c1#ir/cost.ir.json"",""run://ascend-910b2-transformer-demo-20260811-v1@sha256:8898cc5a3f0b36dd77e7510addcd289c504dcbfbdc1768a4394787939fa802c1#prediction/hardware-backend.json"",""run://ascend-910b2-transformer-demo-20260811-v1@sha256:8898cc5a3f0b36dd77e7510addcd289c504dcbfbdc1768a4394787939fa802c1#resolved/execution-contract.json"",""run://issue48-20260814T0002Z-schedule-frontier-unknown-v2@sha256:dd43fbd0f5ab5809a49de9bd8fac1a3b1acba0cd7fb578172b21ca878bd1d75d#comparison/model-e2e-frontier.json""]",[]
semantic/workload/transformer-prefill/request/model-prefill/model/transformer/layer_1/attention/qk_matmul,MatMul,False,27997.029749843852,0.017724121338075143,17,D,resource-model,"[13998.514874921926,55994.059499687704]",serialized-resource-model-with-dispatch-floor-v1,,,,,,null,,not-measured,,,hypothesis-only,"[""run://ascend-910b2-transformer-demo-20260811-v1@sha256:8898cc5a3f0b36dd77e7510addcd289c504dcbfbdc1768a4394787939fa802c1#ir/cost.ir.json"",""run://ascend-910b2-transformer-demo-20260811-v1@sha256:8898cc5a3f0b36dd77e7510addcd289c504dcbfbdc1768a4394787939fa802c1#prediction/hardware-backend.json"",""run://ascend-910b2-transformer-demo-20260811-v1@sha256:8898cc5a3f0b36dd77e7510addcd289c504dcbfbdc1768a4394787939fa802c1#resolved/execution-contract.json"",""run://issue48-20260814T0002Z-schedule-frontier-unknown-v2@sha256:dd43fbd0f5ab5809a49de9bd8fac1a3b1acba0cd7fb578172b21ca878bd1d75d#comparison/model-e2e-frontier.json""]",[]
semantic/workload/transformer-prefill/request/model-prefill/model/transformer/layer_1/attention/scale,Mul,False,23830.47377725032,0.015086393540520429,23,D,resource-model,"[11915.23688862516,47660.94755450064]",serialized-resource-model-with-dispatch-floor-v1,,,,,,null,,not-measured,,,hypothesis-only,"[""run://ascend-910b2-transformer-demo-20260811-v1@sha256:8898cc5a3f0b36dd77e7510addcd289c504dcbfbdc1768a4394787939fa802c1#ir/cost.ir.json"",""run://ascend-910b2-transformer-demo-20260811-v1@sha256:8898cc5a3f0b36dd77e7510addcd289c504dcbfbdc1768a4394787939fa802c1#prediction/hardware-backend.json"",""run://ascend-910b2-transformer-demo-20260811-v1@sha256:8898cc5a3f0b36dd77e7510addcd289c504dcbfbdc1768a4394787939fa802c1#resolved/execution-contract.json"",""run://issue48-20260814T0002Z-schedule-frontier-unknown-v2@sha256:dd43fbd0f5ab5809a49de9bd8fac1a3b1acba0cd7fb578172b21ca878bd1d75d#comparison/model-e2e-frontier.json""]",[]
semantic/workload/transformer-prefill/request/model-prefill/model/transformer/layer_1/attention/softmax,Softmax,False,23830.47377725032,0.015086393540520429,24,D,resource-model,"[11915.23688862516,47660.94755450064]",serialized-resource-model-with-dispatch-floor-v1,,,,,,null,,not-measured,,,hypothesis-only,"[""run://ascend-910b2-transformer-demo-20260811-v1@sha256:8898cc5a3f0b36dd77e7510addcd289c504dcbfbdc1768a4394787939fa802c1#ir/cost.ir.json"",""run://ascend-910b2-transformer-demo-20260811-v1@sha256:8898cc5a3f0b36dd77e7510addcd289c504dcbfbdc1768a4394787939fa802c1#prediction/hardware-backend.json"",""run://ascend-910b2-transformer-demo-20260811-v1@sha256:8898cc5a3f0b36dd77e7510addcd289c504dcbfbdc1768a4394787939fa802c1#resolved/execution-contract.json"",""run://issue48-20260814T0002Z-schedule-frontier-unknown-v2@sha256:dd43fbd0f5ab5809a49de9bd8fac1a3b1acba0cd7fb578172b21ca878bd1d75d#comparison/model-e2e-frontier.json""]",[]
semantic/workload/transformer-prefill/request/model-prefill/model/transformer/layer_1/attention/v_proj,MatMul,False,27997.029749843852,0.017724121338075143,18,D,resource-model,"[13998.514874921926,55994.059499687704]",serialized-resource-model-with-dispatch-floor-v1,,,,,,null,,not-measured,,,hypothesis-only,"[""run://ascend-910b2-transformer-demo-20260811-v1@sha256:8898cc5a3f0b36dd77e7510addcd289c504dcbfbdc1768a4394787939fa802c1#ir/cost.ir.json"",""run://ascend-910b2-transformer-demo-20260811-v1@sha256:8898cc5a3f0b36dd77e7510addcd289c504dcbfbdc1768a4394787939fa802c1#prediction/hardware-backend.json"",""run://ascend-910b2-transformer-demo-20260811-v1@sha256:8898cc5a3f0b36dd77e7510addcd289c504dcbfbdc1768a4394787939fa802c1#resolved/execution-contract.json"",""run://issue48-20260814T0002Z-schedule-frontier-unknown-v2@sha256:dd43fbd0f5ab5809a49de9bd8fac1a3b1acba0cd7fb578172b21ca878bd1d75d#comparison/model-e2e-frontier.json""]",[]
semantic/workload/transformer-prefill/request/model-prefill/model/transformer/layer_1/attention/v_transpose,Transpose,False,15000.0,0.009496072349339484,46,D,resource-model,"[7500.0,30000.0]",serialized-resource-model-with-dispatch-floor-v1,,,,,,null,,not-measured,,,hypothesis-only,"[""run://ascend-910b2-transformer-demo-20260811-v1@sha256:8898cc5a3f0b36dd77e7510addcd289c504dcbfbdc1768a4394787939fa802c1#ir/cost.ir.json"",""run://ascend-910b2-transformer-demo-20260811-v1@sha256:8898cc5a3f0b36dd77e7510addcd289c504dcbfbdc1768a4394787939fa802c1#prediction/hardware-backend.json"",""run://ascend-910b2-transformer-demo-20260811-v1@sha256:8898cc5a3f0b36dd77e7510addcd289c504dcbfbdc1768a4394787939fa802c1#resolved/execution-contract.json"",""run://issue48-20260814T0002Z-schedule-frontier-unknown-v2@sha256:dd43fbd0f5ab5809a49de9bd8fac1a3b1acba0cd7fb578172b21ca878bd1d75d#comparison/model-e2e-frontier.json""]",[]
semantic/workload/transformer-prefill/request/model-prefill/model/transformer/layer_1/attention/v_view,View,False,15000.0,0.009496072349339484,47,D,resource-model,"[7500.0,30000.0]",serialized-resource-model-with-dispatch-floor-v1,,,,,,null,,not-measured,,,hypothesis-only,"[""run://ascend-910b2-transformer-demo-20260811-v1@sha256:8898cc5a3f0b36dd77e7510addcd289c504dcbfbdc1768a4394787939fa802c1#ir/cost.ir.json"",""run://ascend-910b2-transformer-demo-20260811-v1@sha256:8898cc5a3f0b36dd77e7510addcd289c504dcbfbdc1768a4394787939fa802c1#prediction/hardware-backend.json"",""run://ascend-910b2-transformer-demo-20260811-v1@sha256:8898cc5a3f0b36dd77e7510addcd289c504dcbfbdc1768a4394787939fa802c1#resolved/execution-contract.json"",""run://issue48-20260814T0002Z-schedule-frontier-unknown-v2@sha256:dd43fbd0f5ab5809a49de9bd8fac1a3b1acba0cd7fb578172b21ca878bd1d75d#comparison/model-e2e-frontier.json""]",[]
semantic/workload/transformer-prefill/request/model-prefill/model/transformer/layer_1/input_norm,RMSNorm,False,15000.0,0.009496072349339484,48,D,resource-model,"[7500.0,30000.0]",serialized-resource-model-with-dispatch-floor-v1,,,,,,null,,not-measured,,,hypothesis-only,"[""run://ascend-910b2-transformer-demo-20260811-v1@sha256:8898cc5a3f0b36dd77e7510addcd289c504dcbfbdc1768a4394787939fa802c1#ir/cost.ir.json"",""run://ascend-910b2-transformer-demo-20260811-v1@sha256:8898cc5a3f0b36dd77e7510addcd289c504dcbfbdc1768a4394787939fa802c1#prediction/hardware-backend.json"",""run://ascend-910b2-transformer-demo-20260811-v1@sha256:8898cc5a3f0b36dd77e7510addcd289c504dcbfbdc1768a4394787939fa802c1#resolved/execution-contract.json"",""run://issue48-20260814T0002Z-schedule-frontier-unknown-v2@sha256:dd43fbd0f5ab5809a49de9bd8fac1a3b1acba0cd7fb578172b21ca878bd1d75d#comparison/model-e2e-frontier.json""]",[]
semantic/workload/transformer-prefill/request/model-prefill/model/transformer/layer_1/mlp/down_proj,MatMul,True,111988.11899937541,0.07089648535230057,4,D,resource-model,"[55994.059499687704,223976.23799875082]",serialized-resource-model-with-dispatch-floor-v1,,,,,,null,,not-measured,,,hypothesis-only,"[""run://ascend-910b2-transformer-demo-20260811-v1@sha256:8898cc5a3f0b36dd77e7510addcd289c504dcbfbdc1768a4394787939fa802c1#ir/cost.ir.json"",""run://ascend-910b2-transformer-demo-20260811-v1@sha256:8898cc5a3f0b36dd77e7510addcd289c504dcbfbdc1768a4394787939fa802c1#prediction/hardware-backend.json"",""run://ascend-910b2-transformer-demo-20260811-v1@sha256:8898cc5a3f0b36dd77e7510addcd289c504dcbfbdc1768a4394787939fa802c1#resolved/execution-contract.json"",""run://issue48-20260814T0002Z-schedule-frontier-unknown-v2@sha256:dd43fbd0f5ab5809a49de9bd8fac1a3b1acba0cd7fb578172b21ca878bd1d75d#comparison/model-e2e-frontier.json""]",[]
semantic/workload/transformer-prefill/request/model-prefill/model/transformer/layer_1/mlp/gate_mul,Mul,False,17872.85533293774,0.011314795155390321,26,D,resource-model,"[8936.42766646887,35745.71066587548]",serialized-resource-model-with-dispatch-floor-v1,,,,,,null,,not-measured,,,hypothesis-only,"[""run://ascend-910b2-transformer-demo-20260811-v1@sha256:8898cc5a3f0b36dd77e7510addcd289c504dcbfbdc1768a4394787939fa802c1#ir/cost.ir.json"",""run://ascend-910b2-transformer-demo-20260811-v1@sha256:8898cc5a3f0b36dd77e7510addcd289c504dcbfbdc1768a4394787939fa802c1#prediction/hardware-backend.json"",""run://ascend-910b2-transformer-demo-20260811-v1@sha256:8898cc5a3f0b36dd77e7510addcd289c504dcbfbdc1768a4394787939fa802c1#resolved/execution-contract.json"",""run://issue48-20260814T0002Z-schedule-frontier-unknown-v2@sha256:dd43fbd0f5ab5809a49de9bd8fac1a3b1acba0cd7fb578172b21ca878bd1d75d#comparison/model-e2e-frontier.json""]",[]
semantic/workload/transformer-prefill/request/model-prefill/model/transformer/layer_1/mlp/gate_proj,MatMul,True,111988.11899937541,0.07089648535230057,5,D,resource-model,"[55994.059499687704,223976.23799875082]",serialized-resource-model-with-dispatch-floor-v1,,,,,,null,,not-measured,,,hypothesis-only,"[""run://ascend-910b2-transformer-demo-20260811-v1@sha256:8898cc5a3f0b36dd77e7510addcd289c504dcbfbdc1768a4394787939fa802c1#ir/cost.ir.json"",""run://ascend-910b2-transformer-demo-20260811-v1@sha256:8898cc5a3f0b36dd77e7510addcd289c504dcbfbdc1768a4394787939fa802c1#prediction/hardware-backend.json"",""run://ascend-910b2-transformer-demo-20260811-v1@sha256:8898cc5a3f0b36dd77e7510addcd289c504dcbfbdc1768a4394787939fa802c1#resolved/execution-contract.json"",""run://issue48-20260814T0002Z-schedule-frontier-unknown-v2@sha256:dd43fbd0f5ab5809a49de9bd8fac1a3b1acba0cd7fb578172b21ca878bd1d75d#comparison/model-e2e-frontier.json""]",[]
semantic/workload/transformer-prefill/request/model-prefill/model/transformer/layer_1/mlp/silu,SiLU,False,15000.0,0.009496072349339484,49,D,resource-model,"[7500.0,30000.0]",serialized-resource-model-with-dispatch-floor-v1,,,,,,null,,not-measured,,,hypothesis-only,"[""run://ascend-910b2-transformer-demo-20260811-v1@sha256:8898cc5a3f0b36dd77e7510addcd289c504dcbfbdc1768a4394787939fa802c1#ir/cost.ir.json"",""run://ascend-910b2-transformer-demo-20260811-v1@sha256:8898cc5a3f0b36dd77e7510addcd289c504dcbfbdc1768a4394787939fa802c1#prediction/hardware-backend.json"",""run://ascend-910b2-transformer-demo-20260811-v1@sha256:8898cc5a3f0b36dd77e7510addcd289c504dcbfbdc1768a4394787939fa802c1#resolved/execution-contract.json"",""run://issue48-20260814T0002Z-schedule-frontier-unknown-v2@sha256:dd43fbd0f5ab5809a49de9bd8fac1a3b1acba0cd7fb578172b21ca878bd1d75d#comparison/model-e2e-frontier.json""]",[]
semantic/workload/transformer-prefill/request/model-prefill/model/transformer/layer_1/mlp/up_proj,MatMul,True,111988.11899937541,0.07089648535230057,6,D,resource-model,"[55994.059499687704,223976.23799875082]",serialized-resource-model-with-dispatch-floor-v1,,,,,,null,,not-measured,,,hypothesis-only,"[""run://ascend-910b2-transformer-demo-20260811-v1@sha256:8898cc5a3f0b36dd77e7510addcd289c504dcbfbdc1768a4394787939fa802c1#ir/cost.ir.json"",""run://ascend-910b2-transformer-demo-20260811-v1@sha256:8898cc5a3f0b36dd77e7510addcd289c504dcbfbdc1768a4394787939fa802c1#prediction/hardware-backend.json"",""run://ascend-910b2-transformer-demo-20260811-v1@sha256:8898cc5a3f0b36dd77e7510addcd289c504dcbfbdc1768a4394787939fa802c1#resolved/execution-contract.json"",""run://issue48-20260814T0002Z-schedule-frontier-unknown-v2@sha256:dd43fbd0f5ab5809a49de9bd8fac1a3b1acba0cd7fb578172b21ca878bd1d75d#comparison/model-e2e-frontier.json""]",[]
semantic/workload/transformer-prefill/request/model-prefill/model/transformer/layer_1/post_norm,RMSNorm,False,15000.0,0.009496072349339484,50,D,resource-model,"[7500.0,30000.0]",serialized-resource-model-with-dispatch-floor-v1,,,,,,null,,not-measured,,,hypothesis-only,"[""run://ascend-910b2-transformer-demo-20260811-v1@sha256:8898cc5a3f0b36dd77e7510addcd289c504dcbfbdc1768a4394787939fa802c1#ir/cost.ir.json"",""run://ascend-910b2-transformer-demo-20260811-v1@sha256:8898cc5a3f0b36dd77e7510addcd289c504dcbfbdc1768a4394787939fa802c1#prediction/hardware-backend.json"",""run://ascend-910b2-transformer-demo-20260811-v1@sha256:8898cc5a3f0b36dd77e7510addcd289c504dcbfbdc1768a4394787939fa802c1#resolved/execution-contract.json"",""run://issue48-20260814T0002Z-schedule-frontier-unknown-v2@sha256:dd43fbd0f5ab5809a49de9bd8fac1a3b1acba0cd7fb578172b21ca878bd1d75d#comparison/model-e2e-frontier.json""]",[]
semantic/workload/transformer-prefill/request/model-prefill/model/transformer/layer_1/residual_1,Add,False,15000.0,0.009496072349339484,51,D,resource-model,"[7500.0,30000.0]",serialized-resource-model-with-dispatch-floor-v1,,,,,,null,,not-measured,,,hypothesis-only,"[""run://ascend-910b2-transformer-demo-20260811-v1@sha256:8898cc5a3f0b36dd77e7510addcd289c504dcbfbdc1768a4394787939fa802c1#ir/cost.ir.json"",""run://ascend-910b2-transformer-demo-20260811-v1@sha256:8898cc5a3f0b36dd77e7510addcd289c504dcbfbdc1768a4394787939fa802c1#prediction/hardware-backend.json"",""run://ascend-910b2-transformer-demo-20260811-v1@sha256:8898cc5a3f0b36dd77e7510addcd289c504dcbfbdc1768a4394787939fa802c1#resolved/execution-contract.json"",""run://issue48-20260814T0002Z-schedule-frontier-unknown-v2@sha256:dd43fbd0f5ab5809a49de9bd8fac1a3b1acba0cd7fb578172b21ca878bd1d75d#comparison/model-e2e-frontier.json""]",[]
semantic/workload/transformer-prefill/request/model-prefill/model/transformer/layer_1/residual_2,Add,False,15000.0,0.009496072349339484,52,D,resource-model,"[7500.0,30000.0]",serialized-resource-model-with-dispatch-floor-v1,,,,,,null,,not-measured,,,hypothesis-only,"[""run://ascend-910b2-transformer-demo-20260811-v1@sha256:8898cc5a3f0b36dd77e7510addcd289c504dcbfbdc1768a4394787939fa802c1#ir/cost.ir.json"",""run://ascend-910b2-transformer-demo-20260811-v1@sha256:8898cc5a3f0b36dd77e7510addcd289c504dcbfbdc1768a4394787939fa802c1#prediction/hardware-backend.json"",""run://ascend-910b2-transformer-demo-20260811-v1@sha256:8898cc5a3f0b36dd77e7510addcd289c504dcbfbdc1768a4394787939fa802c1#resolved/execution-contract.json"",""run://issue48-20260814T0002Z-schedule-frontier-unknown-v2@sha256:dd43fbd0f5ab5809a49de9bd8fac1a3b1acba0cd7fb578172b21ca878bd1d75d#comparison/model-e2e-frontier.json""]",[]
measurement/e2e/unattributed,MeasuredE2EResidual,False,,,,,,,,1921530.0,1.0,,B,baseline-measurement,"[1911720.0,1924885.0]",measured-e2e-minus-direct-components,measured-residual,,,iteration-baseline-only,[],"[""run://issue47-ascend-observed-decomposition-20260813-v1@sha256:8590bf91a159b0b2c0bb8ba25abaee1ab5180986c9c79a739cf589b68f21dfe7#observation/observed-decomposition.json""]"
